{
  "version": "1.0",
  "defaultProvider": "cdnjs",
  "libraries": [
    {
      "library": "jquery-autocomplete@1.0.7",
      "destination": "wwwroot/lib/jquery-autocomplete/"
    },
    {
      "library": "jqueryui@1.12.1",
      "destination": "wwwroot/lib/jqueryui/",
      "files": [
        "jquery-ui.min.js",
        "jquery-ui.min.css"
      ]
    },
    {
      "library": "font-awesome@5.11.2",
      "destination": "wwwroot/lib/font-awesome/",
      "files": [
        "css/all.min.css",
        "js/all.min.js"
      ]
    },
    {
      "library": "datepicker@0.6.5",
      "destination": "wwwroot/lib/datepicker/"
    },
    {
      "library": "moment.js@2.24.0",
      "destination": "wwwroot/lib/moment.js/"
    },
    {
      "library": "bootstrap-datepicker@1.9.0",
      "destination": "wwwroot/lib/bootstrap-datepicker/",
      "files": [
        "js/bootstrap-datepicker.min.js",
        "css/bootstrap-datepicker.css",
        "css/bootstrap-datepicker.css.map",
        "css/bootstrap-datepicker.min.css",
        "js/bootstrap-datepicker.js",
        "locales/bootstrap-datepicker-en-CA.min.js",
        "locales/bootstrap-datepicker.ar-tn.min.js",
        "locales/bootstrap-datepicker.ar.min.js",
        "locales/bootstrap-datepicker.az.min.js",
        "locales/bootstrap-datepicker.bg.min.js",
        "locales/bootstrap-datepicker.bm.min.js",
        "locales/bootstrap-datepicker.bn.min.js",
        "locales/bootstrap-datepicker.br.min.js",
        "locales/bootstrap-datepicker.bs.min.js",
        "locales/bootstrap-datepicker.ca.min.js",
        "locales/bootstrap-datepicker.cs.min.js",
        "locales/bootstrap-datepicker.cy.min.js",
        "locales/bootstrap-datepicker.da.min.js",
        "locales/bootstrap-datepicker.de.min.js",
        "locales/bootstrap-datepicker.el.min.js",
        "locales/bootstrap-datepicker.en-AU.min.js",
        "locales/bootstrap-datepicker.en-CA.min.js",
        "locales/bootstrap-datepicker.en-GB.min.js",
        "locales/bootstrap-datepicker.en-IE.min.js",
        "locales/bootstrap-datepicker.en-NZ.min.js",
        "locales/bootstrap-datepicker.en-ZA.min.js",
        "locales/bootstrap-datepicker.eo.min.js",
        "locales/bootstrap-datepicker.es.min.js",
        "locales/bootstrap-datepicker.et.min.js",
        "locales/bootstrap-datepicker.eu.min.js",
        "locales/bootstrap-datepicker.fa.min.js",
        "locales/bootstrap-datepicker.fi.min.js",
        "locales/bootstrap-datepicker.fo.min.js",
        "locales/bootstrap-datepicker.fr-CH.min.js",
        "locales/bootstrap-datepicker.fr.min.js",
        "locales/bootstrap-datepicker.gl.min.js",
        "locales/bootstrap-datepicker.he.min.js",
        "locales/bootstrap-datepicker.hi.min.js",
        "locales/bootstrap-datepicker.hr.min.js",
        "locales/bootstrap-datepicker.hu.min.js",
        "locales/bootstrap-datepicker.hy.min.js",
        "locales/bootstrap-datepicker.id.min.js",
        "locales/bootstrap-datepicker.is.min.js",
        "locales/bootstrap-datepicker.it-CH.min.js",
        "locales/bootstrap-datepicker.it.min.js",
        "locales/bootstrap-datepicker.ja.min.js",
        "locales/bootstrap-datepicker.ka.min.js",
        "locales/bootstrap-datepicker.kh.min.js",
        "locales/bootstrap-datepicker.kk.min.js",
        "locales/bootstrap-datepicker.km.min.js",
        "locales/bootstrap-datepicker.ko.min.js",
        "locales/bootstrap-datepicker.kr.min.js",
        "locales/bootstrap-datepicker.lt.min.js",
        "locales/bootstrap-datepicker.lv.min.js",
        "locales/bootstrap-datepicker.me.min.js",
        "locales/bootstrap-datepicker.mk.min.js",
        "locales/bootstrap-datepicker.mn.min.js",
        "locales/bootstrap-datepicker.ms.min.js",
        "locales/bootstrap-datepicker.nl-BE.min.js",
        "locales/bootstrap-datepicker.nl.min.js",
        "locales/bootstrap-datepicker.no.min.js",
        "locales/bootstrap-datepicker.oc.min.js",
        "locales/bootstrap-datepicker.pl.min.js",
        "locales/bootstrap-datepicker.pt-BR.min.js",
        "locales/bootstrap-datepicker.pt.min.js",
        "locales/bootstrap-datepicker.ro.min.js",
        "locales/bootstrap-datepicker.rs-latin.min.js",
        "locales/bootstrap-datepicker.rs.min.js",
        "locales/bootstrap-datepicker.ru.min.js",
        "locales/bootstrap-datepicker.si.min.js",
        "locales/bootstrap-datepicker.sk.min.js",
        "locales/bootstrap-datepicker.sl.min.js",
        "locales/bootstrap-datepicker.sq.min.js",
        "locales/bootstrap-datepicker.sr-latin.min.js",
        "locales/bootstrap-datepicker.sr.min.js",
        "locales/bootstrap-datepicker.sv.min.js",
        "locales/bootstrap-datepicker.sw.min.js",
        "locales/bootstrap-datepicker.ta.min.js",
        "locales/bootstrap-datepicker.tg.min.js",
        "locales/bootstrap-datepicker.th.min.js",
        "locales/bootstrap-datepicker.tk.min.js",
        "locales/bootstrap-datepicker.tr.min.js",
        "locales/bootstrap-datepicker.uk.min.js",
        "locales/bootstrap-datepicker.uz-cyrl.min.js",
        "locales/bootstrap-datepicker.uz-latn.min.js",
        "locales/bootstrap-datepicker.vi.min.js",
        "locales/bootstrap-datepicker.zh-CN.min.js",
        "locales/bootstrap-datepicker.zh-TW.min.js"
      ]
    },
    {
      "library": "jquery.maskedinput@1.4.1",
      "destination": "wwwroot/lib/jquery.maskedinput/",
      "files": [
        "jquery.maskedinput.min.js",
        "jquery.maskedinput.js"
      ]
    },
    {
      "library": "bootstrap-toggle@2.2.2",
      "destination": "wwwroot/lib/bootstrap-toggle/"
    },
    {
      "library": "datatables@1.10.19",
      "destination": "wwwroot/lib/datatables/",
      "files": [
        "images/sort_asc.png",
        "images/sort_asc_disabled.png",
        "images/sort_both.png",
        "images/sort_desc.png",
        "images/sort_desc_disabled.png"
      ]
    }
  ]
}